id,name,priceLabel,category,url,imageUrl,isVisible,availability,inventoryTracking,inventoryLevel,purchasable,dateModified
913,Safety Sector Metal Speed Hump 500mm,AUD $115.66,Speed Humps,https://www.safetysector.com.au/safety-sector-metal-speed-hump-500mm/,https://cdn11.bigcommerce.com/s-498h0egvgn/products/913/images/4645/3__47144.1782207137.386.513.jpg?c=2,true,available,product,38,YES,2026-09-26T12:08:38+00:00
675,Wall Bumper Rubber 1000mm,AUD $30.08,Dock Bumper,https://www.safetysector.com.au/wall-bumper-rubber-1000mm/,https://cdn11.bigcommerce.com/s-498h0egvgn/products/675/images/2134/A-cover___74193.1741839763.386.513.jpg?c=2,true,available,product,14,YES,2026-09-26T11:17:08+00:00
605,Steel Speed Hump- 1m Module,AUD $193.74,Speed Humps,https://www.safetysector.com.au/steel-speed-hump-1m-module/,https://cdn11.bigcommerce.com/s-498h0egvgn/products/605/images/4465/2__26497.1782212964.386.513.jpg?c=2,true,available,product,2,YES,2026-09-26T12:16:41+00:00
682,Traffic Calming Rubber Speed Hump- End Section Pair,AUD $75.73,Speed Humps,https://www.safetysector.com.au/traffic-calming-rubber-speed-hump-end-section-pair/,https://cdn11.bigcommerce.com/s-498h0egvgn/products/682/images/2168/A-cover_page__25013.1741843419.386.513.jpg?c=2,true,available,product,29,YES,2026-09-26T11:17:24+00:00
555,Rubber Speed Hump End Cap- Black,AUD $10.00,Speed Humps,https://www.safetysector.com.au/rubber-speed-hump-end-cap-black/,https://cdn11.bigcommerce.com/s-498h0egvgn/products/555/images/1097/SPEED_HUMP_RUBBER_END_CAP_BLA__26349.1592888300.386.513.jpg?c=2,true,available,product,129,YES,2026-09-26T12:06:51+00:00
554,Rubber Speed Hump End Cap- Yellow,AUD $10.00,Speed Humps,https://www.safetysector.com.au/rubber-speed-hump-end-cap-yellow/,https://cdn11.bigcommerce.com/s-498h0egvgn/products/554/images/1085/SPEED_HUMP_RUBBER_END_CAP_YEL__96005.1592887932.386.513.jpg?c=2,true,available,product,97,YES,2026-09-26T12:06:49+00:00
112,Surface Mounted Safety Bollard 900mm,AUD $53.90,Safety Bollards,https://www.safetysector.com.au/surface-mounted-safety-bollard-900mm/,https://cdn11.bigcommerce.com/s-498h0egvgn/products/112/images/779/BSMYEL90__61007.1542078490.386.513.jpg?c=2,true,available,product,248,YES,2026-09-26T12:11:48+00:00
117,Removable Security Bollard 950mm,AUD $97.31,Safety Bollards,https://www.safetysector.com.au/removable-security-bollard-Sydney/,https://cdn11.bigcommerce.com/s-498h0egvgn/products/117/images/792/BRC__44204.1741843403.386.513.jpg?c=2,true,available,product,95,YES,2026-09-26T12:11:40+00:00
552,Disabled Car Park Bollard 165 x 1300mm,AUD $225.25,Safety Bollards,https://www.safetysector.com.au/Disabled-car-park-bollard-165-x-1300mm/,https://cdn11.bigcommerce.com/s-498h0egvgn/products/552/images/1063/DSC_0033_clipped_rev_1__41801.1741843411.386.513.jpg?c=2,true,available,product,68,YES,2026-09-26T12:17:00+00:00
551,Car Park Bollard 165 x 1300mm,AUD $194.75,Safety Bollards,https://www.safetysector.com.au/surface-mounted-parking-bollard-165mm/,https://cdn11.bigcommerce.com/s-498h0egvgn/products/551/images/1056/DSC_0031_clipped_rev_1__87054.1741843411.386.513.jpg?c=2,true,available,product,65,YES,2026-09-26T12:11:16+00:00
116,Removable Safety Bollard 1000mm,AUD $122.85,Safety Bollards,https://www.safetysector.com.au/removable-safety-bollard-1000mm/,https://cdn11.bigcommerce.com/s-498h0egvgn/products/116/images/789/BRSMYEL90__88020.1544173639.386.513.jpg?c=2,true,available,product,55,YES,2026-09-26T12:11:44+00:00
114,Inground Safety Bollard 900mm,AUD $63.63,Safety Bollards,https://www.safetysector.com.au/inground-safety-bollard-900mm/,https://cdn11.bigcommerce.com/s-498h0egvgn/products/114/images/783/BFGYEL90_A__79673.1542078671.386.513.jpg?c=2,true,available,product,29,YES,2026-09-26T12:11:38+00:00
122,316 Stainless Steel Fixed Bollard 1200mm,AUD $357.00,Safety Bollards,https://www.safetysector.com.au/stainless-steel-fixed-bollard/,https://cdn11.bigcommerce.com/s-498h0egvgn/products/122/images/805/BFGSS90__35677.1544173331.386.513.jpg?c=2,true,available,product,44,YES,2026-09-26T12:11:24+00:00
113,Surface Mounted Parking Bollard 140mm x 1200mm,AUD $177.59,Safety Bollards,https://www.safetysector.com.au/Parking-bollard-for-sale-Sydney/,https://cdn11.bigcommerce.com/s-498h0egvgn/products/113/images/781/BSMYEL140__15199.1542078497.386.513.jpg?c=2,true,available,product,30,YES,2026-09-26T12:11:46+00:00
678,Rubber Dock Bumper D Type 1000mm,AUD $68.54,Dock Bumper,https://www.safetysector.com.au/rubber-dock-bumper-d-type-1000mm/,https://cdn11.bigcommerce.com/s-498h0egvgn/products/678/images/2138/A-cover__04774.1741839763.386.513.jpg?c=2,true,available,product,23,YES,2026-09-26T11:17:13+00:00
677,Rubber Dock Bumper D Type 900mm,AUD $46.28,Dock Bumper,https://www.safetysector.com.au/rubber-dock-bumper-d-type-900mm/,https://cdn11.bigcommerce.com/s-498h0egvgn/products/677/images/2136/A-_cover___42779.1741839763.386.513.jpg?c=2,true,available,product,5,YES,2026-09-26T11:17:12+00:00
522,Indoor Safety Mirror- 600mm,AUD $55.19,Convex Mirror,https://www.safetysector.com.au/indoor-safety-mirror-600mm/,https://cdn11.bigcommerce.com/s-498h0egvgn/products/522/images/948/MIRIND_A__25672.1556862336.386.513.jpg?c=2,true,available,product,43,YES,2026-09-26T12:09:35+00:00
521,Indoor Convex Mirror- 450mm,AUD $61.90,Convex Mirror,https://www.safetysector.com.au/indoor-convex-mirror-450mm/,https://cdn11.bigcommerce.com/s-498h0egvgn/products/521/images/946/MIRIND_A__23107.1556862224.386.513.jpg?c=2,true,available,product,29,YES,2026-09-26T12:09:33+00:00